Direccion;Numero;Activo;Bicis_disponibles;Espacios_libres;Espacios_totales;ticket;fecha_actualizacion;geo_shape;geo_point_2d
Serrería, 67;84;T;0;0;15;F;04/10/2023 22:05:06;"{""coordinates"": [-0.3351652508188024, 39.46729429030231], ""type"": ""Point""}";39.46729429030231, -0.3351652508188024
Paseo Neptuno 32-34;163;T;17;3;20;T;23/01/2024 17:44:30;"{""coordinates"": [-0.3234012136184579, 39.46443727525528], ""type"": ""Point""}";39.46443727525528, -0.3234012136184579
Salamanca - Conde Altea;31;T;17;2;19;F;23/01/2024 17:44:30;"{""coordinates"": [-0.3650283531086902, 39.467365304622646], ""type"": ""Point""}";39.467365304622646, -0.3650283531086902
Blasco Ibañez, 28 (F. Geografía e Historia);88;T;10;29;40;T;23/01/2024 17:44:30;"{""coordinates"": [-0.36114233248377353, 39.477512336096844], ""type"": ""Point""}";39.477512336096844, -0.36114233248377353
Músico Hipólito Martínez - Diógenes López Mecho;122;T;3;12;15;F;23/01/2024 17:44:30;"{""coordinates"": [-0.3540663028794564, 39.48448535604776], ""type"": ""Point""}";39.48448535604776, -0.3540663028794564
Manuel Candela - Rodriguez de Cepeda;150;T;6;19;25;F;23/01/2024 17:44:30;"{""coordinates"": [-0.35060930364544307, 39.46772129856667], ""type"": ""Point""}";39.46772129856667, -0.35060930364544307
Plaza de los Fueros - Conde Trenor;36;T;0;25;25;F;23/01/2024 17:44:30;"{""coordinates"": [-0.3754363798581042, 39.479072348860946], ""type"": ""Point""}";39.479072348860946, -0.3754363798581042
Plaza de Europa;54;T;15;4;20;T;23/01/2024 17:44:30;"{""coordinates"": [-0.3526903171951741, 39.459778273617445], ""type"": ""Point""}";39.459778273617445, -0.3526903171951741
Blasco Ibañez 121;97;T;3;20;23;F;23/01/2024 17:44:30;"{""coordinates"": [-0.3431322739648798, 39.47306831276613], ""type"": ""Point""}";39.47306831276613, -0.3431322739648798
C/Xàtiva 30-32;148;T;35;0;35;T;23/01/2024 17:44:30;"{""coordinates"": [-0.3753782937388751, 39.46714522461298], ""type"": ""Point""}";39.46714522461298, -0.3753782937388751
Rio Segre - Rafael Company;236;T;4;11;15;T;23/01/2024 17:44:30;"{""coordinates"": [-0.38227839001583847, 39.49506640496422], ""type"": ""Point""}";39.49506640496422, -0.38227839001583847
Peris y Valero - Cuba;39;T;1;18;19;T;23/01/2024 17:44:30;"{""coordinates"": [-0.3739313916673185, 39.457854277261184], ""type"": ""Point""}";39.457854277261184, -0.3739313916673185
Marino Blas de Lezo (estación Cabañal Adif);101;T;8;22;30;T;23/01/2024 17:44:30;"{""coordinates"": [-0.3343612466069016, 39.47006829907817], ""type"": ""Point""}";39.47006829907817, -0.3343612466069016
Azagador de Alboraya - Dolores Marqués;124;T;12;13;25;T;23/01/2024 17:44:30;"{""coordinates"": [-0.3619553259600363, 39.48850137319014], ""type"": ""Point""}";39.48850137319014, -0.3619553259600363
Av. Campanar (La Fe);146;T;11;15;26;T;23/01/2024 17:44:30;"{""coordinates"": [-0.3909524281114989, 39.48511037548845], ""type"": ""Point""}";39.48511037548845, -0.3909524281114989
Fray Junípero Serra - Vall d'Uixó;211;T;2;13;15;F;23/01/2024 17:44:30;"{""coordinates"": [-0.3977574716661004, 39.45872629171394], ""type"": ""Point""}";39.45872629171394, -0.3977574716661004
Hermanos Maristas - General Urrutia;45;T;15;0;15;F;23/01/2024 17:44:30;"{""coordinates"": [-0.36185535292343096, 39.45381925759081], ""type"": ""Point""}";39.45381925759081, -0.36185535292343096
Autopista del Saler - Puente Monteolivete;47;T;11;9;20;T;23/01/2024 17:44:30;"{""coordinates"": [-0.35541832880362817, 39.45651226440267], ""type"": ""Point""}";39.45651226440267, -0.35541832880362817
Pérez Galdós - Marqués de Zenete;157;T;2;18;20;T;23/01/2024 17:44:30;"{""coordinates"": [-0.38736643250783204, 39.46405230416093], ""type"": ""Point""}";39.46405230416093, -0.38736643250783204
Baleares - Lebón;60;T;15;4;19;F;23/01/2024 17:44:30;"{""coordinates"": [-0.3517763125261459, 39.46223128102797], ""type"": ""Point""}";39.46223128102797, -0.3517763125261459
Salvador Ferrandis Luna - Juan Bautista Vives;218;T;4;11;15;T;23/01/2024 17:44:30;"{""coordinates"": [-0.3973844614710405, 39.47074033078547], ""type"": ""Point""}";39.47074033078547, -0.3973844614710405
Peris y Valero - Cabo Jubi;38;T;5;10;15;F;23/01/2024 17:44:30;"{""coordinates"": [-0.37024937736936264, 39.45940204927687], ""type"": ""Point""}";39.45940204927687, -0.37024937736936264
Autopista del Saler - Antonio Ferrandis (C.C. El Saler);50;T;39;1;40;T;23/01/2024 17:44:30;"{""coordinates"": [-0.3528593228128155, 39.453318252515686], ""type"": ""Point""}";39.453318252515686, -0.3528593228128155
Luis García Berlanga Martí - Menorca;52;T;22;3;25;T;23/01/2024 17:44:30;"{""coordinates"": [-0.3463402980947426, 39.45603425797373], ""type"": ""Point""}";39.45603425797373, -0.3463402980947426
Corts Valencianes - General Avilés;204;T;3;17;20;T;23/01/2024 17:44:30;"{""coordinates"": [-0.3965874461307865, 39.485843380594176], ""type"": ""Point""}";39.485843380594176, -0.3965874461307865
Nicasio Benlloch - Amics dels Corpus;205;T;2;22;24;T;23/01/2024 17:44:30;"{""coordinates"": [-0.3930904323547156, 39.48928739053543], ""type"": ""Point""}";39.48928739053543, -0.3930904323547156
Benifairó de Valldigna - Joaquín Benlloch;186;T;13;0;14;F;23/01/2024 17:44:30;"{""coordinates"": [-0.3740153970137416, 39.45039125246078], ""type"": ""Point""}";39.45039125246078, -0.3740153970137416
Av Puerto 19 (Telefónica);63;T;15;5;20;T;23/01/2024 17:44:30;"{""coordinates"": [-0.358414330727018, 39.46777930285978], ""type"": ""Point""}";39.46777930285978, -0.358414330727018
Juan Verdeguer - Toneleros;67;T;14;0;14;F;23/01/2024 17:44:30;"{""coordinates"": [-0.33679826304022287, 39.45886026320377], ""type"": ""Point""}";39.45886026320377, -0.33679826304022287
Av. Puerto - Serrería;69;T;18;7;25;F;23/01/2024 17:44:30;"{""coordinates"": [-0.3387212679875118, 39.46195227384504], ""type"": ""Point""}";39.46195227384504, -0.3387212679875118
Av. Puerto - Plaza Tribunal de les Aigües;71;T;14;6;20;T;23/01/2024 17:44:30;"{""coordinates"": [-0.33353125122308164, 39.46038026686525], ""type"": ""Point""}";39.46038026686525, -0.33353125122308164
Jerónimo Monsoriu - Industria;73;T;4;16;20;T;23/01/2024 17:44:30;"{""coordinates"": [-0.3428792786496773, 39.4662592905475], ""type"": ""Point""}";39.4662592905475, -0.3428792786496773
República Argentina - Campoamor;75;T;4;21;25;T;23/01/2024 17:44:30;"{""coordinates"": [-0.35170130420295115, 39.472113313853896], ""type"": ""Point""}";39.472113313853896, -0.35170130420295115
Aragón - Ernesto Ferrer;79;T;1;19;20;F;23/01/2024 17:44:30;"{""coordinates"": [-0.357242322435451, 39.4727793187067], ""type"": ""Point""}";39.4727793187067, -0.357242322435451
Giorgeta, 64;207;T;4;11;15;F;23/01/2024 17:44:30;"{""coordinates"": [-0.381905420300487, 39.45539327294658], ""type"": ""Point""}";39.45539327294658, -0.381905420300487
Av. Puerto 61-63;64;T;9;11;20;F;23/01/2024 17:44:30;"{""coordinates"": [-0.35419531724959286, 39.46651829706714], ""type"": ""Point""}";39.46651829706714, -0.35419531724959286
Av. Puerto - José Aguilar;68;T;10;10;20;T;23/01/2024 17:44:30;"{""coordinates"": [-0.3417332778594022, 39.46280327868023], ""type"": ""Point""}";39.46280327868023, -0.3417332778594022
Colón, 44;70;T;13;4;17;F;23/01/2024 17:44:30;"{""coordinates"": [-0.3716462894107889, 39.469213221319464], ""type"": ""Point""}";39.469213221319464, -0.3716462894107889
Plaza San Felipe Neri (Mercado Algirós);74;T;12;7;20;T;23/01/2024 17:44:30;"{""coordinates"": [-0.3537343124957471, 39.469949307546806], ""type"": ""Point""}";39.469949307546806, -0.3537343124957471
Albalat dels Tarongers - Professor Ernest Lluch;106;T;25;0;25;F;23/01/2024 17:44:30;"{""coordinates"": [-0.34138726522688073, 39.47674432466283], ""type"": ""Point""}";39.47674432466283, -0.34138726522688073
UPV Trinquet;110;T;28;2;30;F;23/01/2024 17:44:30;"{""coordinates"": [-0.33668024623462534, 39.48074033571707], ""type"": ""Point""}";39.48074033571707, -0.33668024623462534
Doctor Vicente Zaragozá - Ramón Asensio;116;T;9;6;15;T;23/01/2024 17:44:30;"{""coordinates"": [-0.3575613154471814, 39.48325335356676], ""type"": ""Point""}";39.48325335356676, -0.3575613154471814
Gascó Oliag - Primado Reig;117;T;9;20;30;T;23/01/2024 17:44:30;"{""coordinates"": [-0.357065317141581, 39.47925133992885], ""type"": ""Point""}";39.47925133992885, -0.357065317141581
Jaime Roig - Bachiller;119;T;0;19;20;F;23/01/2024 17:44:30;"{""coordinates"": [-0.36322633473676447, 39.48252035422283], ""type"": ""Point""}";39.48252035422283, -0.36322633473676447
Murta - Sant Eperit;121;T;7;8;15;F;23/01/2024 17:44:30;"{""coordinates"": [-0.35877131748144303, 39.48618236435413], ""type"": ""Point""}";39.48618236435413, -0.35877131748144303
Naranjos - Ingeniero Fausto Elio;109;T;3;17;20;T;23/01/2024 17:44:30;"{""coordinates"": [-0.3335102388084858, 39.4768193210939], ""type"": ""Point""}";39.4768193210939, -0.3335102388084858
UPV Galileo;111;T;27;2;30;F;23/01/2024 17:44:30;"{""coordinates"": [-0.3395082613341325, 39.48066419504159], ""type"": ""Point""}";39.48066419504159, -0.3395082613341325
UPV Caminos;113;T;38;0;38;T;23/01/2024 17:44:30;"{""coordinates"": [-0.3436112694462359, 39.48127634089521], ""type"": ""Point""}";39.48127634089521, -0.3436112694462359
Plaza Badajoz;145;T;5;10;15;F;23/01/2024 17:44:30;"{""coordinates"": [-0.398395456094638, 39.48154736759815], ""type"": ""Point""}";39.48154736759815, -0.398395456094638
Jerónimo Monsoriu - Alcalde Cano Coloma;151;T;17;3;20;F;23/01/2024 17:44:30;"{""coordinates"": [-0.33711726031421224, 39.464669282422186], ""type"": ""Point""}";39.464669282422186, -0.33711726031421224
Canal de Navarrés - Maestro Rodrigo;266;T;4;14;18;T;23/01/2024 17:44:30;"{""coordinates"": [-0.40637147642320165, 39.49028940014262], ""type"": ""Point""}";39.49028940014262, -0.40637147642320165
Campillo de Altobuey (Polideportivo);107;T;10;3;15;F;23/01/2024 17:44:30;"{""coordinates"": [-0.3362242490922528, 39.47524531713643], ""type"": ""Point""}";39.47524531713643, -0.3362242490922528
Plaza del Musico López Chavarri;3;T;3;17;20;T;23/01/2024 17:44:30;"{""coordinates"": [-0.3802883976424855, 39.4768353435743], ""type"": ""Point""}";39.4768353435743, -0.3802883976424855
Plaza Poeta Llorente;5;T;0;15;15;T;23/01/2024 17:44:30;"{""coordinates"": [-0.3711403661399108, 39.476895339123786], ""type"": ""Point""}";39.476895339123786, -0.3711403661399108
Masquefa, 42 - 44;125;T;4;11;15;F;23/01/2024 17:44:30;"{""coordinates"": [-0.3586183142345537, 39.489693375775445], ""type"": ""Point""}";39.489693375775445, -0.3586183142345537
Pavía - Acequia de la Cadena;167;T;13;5;20;F;23/01/2024 17:44:30;"{""coordinates"": [-0.3246102088459378, 39.474908310742784], ""type"": ""Point""}";39.474908310742784, -0.3246102088459378
Pavía (Instituto Isabel de Villena);169;T;13;7;20;T;23/01/2024 17:44:30;"{""coordinates"": [-0.32464520634897104, 39.47878532308192], ""type"": ""Point""}";39.47878532308192, -0.32464520634897104
C/GUILLEM DE CASTRO esquina con C/NA JORDANA;1;T;1;24;25;T;23/01/2024 17:44:30;"{""coordinates"": [-0.38292927973315827, 39.48004223020643], ""type"": ""Point""}";39.48004223020643, -0.38292927973315827
Platero Suárez - Milagrosa;132;T;4;11;15;F;23/01/2024 17:44:30;"{""coordinates"": [-0.3734343681182198, 39.48528636793778], ""type"": ""Point""}";39.48528636793778, -0.3734343681182198
Maximiliano Thous - Luz Casanova;134;T;0;20;20;F;23/01/2024 17:44:30;"{""coordinates"": [-0.37333936513208965, 39.48765637635625], ""type"": ""Point""}";39.48765637635625, -0.37333936513208965
Economista Gay - Constitución;136;T;4;16;20;F;23/01/2024 17:44:30;"{""coordinates"": [-0.37561037166808026, 39.48994138447594], ""type"": ""Point""}";39.48994138447594, -0.37561037166808026
Uruguay - Carteros;193;T;11;9;20;T;23/01/2024 17:44:30;"{""coordinates"": [-0.386718436578698, 39.45514627443484], ""type"": ""Point""}";39.45514627443484, -0.386718436578698
Alfahuir - José Chabas Bordehore;126;T;9;11;20;F;23/01/2024 17:44:30;"{""coordinates"": [-0.36010431604895277, 39.49309838788837], ""type"": ""Point""}";39.49309838788837, -0.36010431604895277
Reus - Alquería de la Estrella;139;T;4;11;15;F;23/01/2024 17:44:30;"{""coordinates"": [-0.38287339995719183, 39.485706374097916], ""type"": ""Point""}";39.485706374097916, -0.38287339995719183
Reig Genovés - Ramón Contreras Mongrell;178;T;0;20;20;F;23/01/2024 17:44:30;"{""coordinates"": [-0.3705063522665271, 39.49221639017785], ""type"": ""Point""}";39.49221639017785, -0.3705063522665271
Doctor Waksman - Nieves;180;T;12;8;20;T;23/01/2024 17:44:30;"{""coordinates"": [-0.3706833820688013, 39.45602126922772], ""type"": ""Point""}";39.45602126922772, -0.3706833820688013
Doctor Lluch - Virgen del Sufragio;158;T;10;5;15;F;23/01/2024 17:44:30;"{""coordinates"": [-0.3277192268301427, 39.46669828513057], ""type"": ""Point""}";39.46669828513057, -0.3277192268301427
Jerónimo Muñoz - Gaspar Aguilar;196;T;4;11;15;T;23/01/2024 17:44:30;"{""coordinates"": [-0.3880664379854734, 39.45957528956863], ""type"": ""Point""}";39.45957528956863, -0.3880664379854734
Pechina - Teruel;202;T;4;16;20;T;23/01/2024 17:44:30;"{""coordinates"": [-0.39333444304417053, 39.47622234753723], ""type"": ""Point""}";39.47622234753723, -0.39333444304417053
Plaza de la Reina - Mar;8;F;4;5;9;T;23/01/2024 17:44:30;"{""coordinates"": [-0.3750843825510484, 39.47432033281947], ""type"": ""Point""}";39.47432033281947, -0.3750843825510484
Archiduque Carlos - José María Mortes Lerma;213;T;7;7;15;F;23/01/2024 17:44:30;"{""coordinates"": [-0.39697246591763863, 39.463165305912604], ""type"": ""Point""}";39.463165305912604, -0.39697246591763863
Músico Ayllón - Francisco Dolz;215;T;7;8;15;T;23/01/2024 17:44:30;"{""coordinates"": [-0.39674846254882856, 39.46567131414367], ""type"": ""Point""}";39.46567131414367, -0.39674846254882856
Manuel de Falla - Hernández Lázaro;221;T;12;8;20;T;23/01/2024 17:44:30;"{""coordinates"": [-0.4028534760386356, 39.475270348637764], ""type"": ""Point""}";39.475270348637764, -0.4028534760386356
Valle de la Ballestera - Hospital Nueve de Octubre;223;T;2;18;20;T;23/01/2024 17:44:30;"{""coordinates"": [-0.4011874677803583, 39.47855835893999], ""type"": ""Point""}";39.47855835893999, -0.4011874677803583
San Jose Artesano - Francisco Morote Greus;238;T;4;11;15;F;23/01/2024 17:44:30;"{""coordinates"": [-0.39438342966293366, 39.497449418355934], ""type"": ""Point""}";39.497449418355934, -0.39438342966293366
Periodista Gil Sumbiela - Poeta Serrano Clavero;206;T;0;15;15;F;23/01/2024 17:44:30;"{""coordinates"": [-0.38900741524280136, 39.49271239990425], ""type"": ""Point""}";39.49271239990425, -0.38900741524280136
Carteros - Mossen Febrer;208;T;7;13;20;F;23/01/2024 17:44:30;"{""coordinates"": [-0.38857844617931064, 39.451692263769644], ""type"": ""Point""}";39.451692263769644, -0.38857844617931064
Valle de la Ballestera - Pio Baroja;244;T;17;3;20;T;23/01/2024 17:44:30;"{""coordinates"": [-0.40613648554970433, 39.47850636088407], ""type"": ""Point""}";39.47850636088407, -0.40613648554970433
Maestro Rodrigo - Manuel de Falla;222;T;2;18;20;F;23/01/2024 17:44:30;"{""coordinates"": [-0.39728245609920837, 39.47689335174765], ""type"": ""Point""}";39.47689335174765, -0.39728245609920837
Jorge Comin (Metge) - Terrateig;224;T;5;15;20;F;23/01/2024 17:44:30;"{""coordinates"": [-0.40358847435527895, 39.480568366964896], ""type"": ""Point""}";39.480568366964896, -0.40358847435527895
San Juan Bosco - Santiago Rusiñol;233;T;1;14;15;T;23/01/2024 17:44:30;"{""coordinates"": [-0.36943734517384297, 39.497160406039164], ""type"": ""Point""}";39.497160406039164, -0.36943734517384297
Plaza Xuquer - Vinalopó;261;T;1;18;19;F;23/01/2024 17:44:30;"{""coordinates"": [-0.35037729588168837, 39.47667632834523], ""type"": ""Point""}";39.47667632834523, -0.35037729588168837
Padre Barranco - Carlos Ruano Llopis (Pintor);225;T;0;20;20;T;23/01/2024 17:44:30;"{""coordinates"": [-0.40114246019172434, 39.488107390420495], ""type"": ""Point""}";39.488107390420495, -0.40114246019172434
Salvador Cerveró - Carlos Cortina;271;T;2;13;15;F;23/01/2024 17:44:30;"{""coordinates"": [-0.38989141267304944, 39.49927942267903], ""type"": ""Point""}";39.49927942267903, -0.38989141267304944
Juan Llorens - Literato Gabriel Miró;21;T;2;14;16;T;23/01/2024 17:44:30;"{""coordinates"": [-0.39021443540491124, 39.4723713328859], ""type"": ""Point""}";39.4723713328859, -0.39021443540491124
Fernando el Católico - Erudito Orellana;23;T;0;19;19;T;23/01/2024 17:44:30;"{""coordinates"": [-0.3861784216967592, 39.471628328748515], ""type"": ""Point""}";39.471628328748515, -0.3861784216967592
Alberique, 18 (Abastos);25;T;0;23;23;T;23/01/2024 17:44:30;"{""coordinates"": [-0.38861043334080225, 39.46772931656263], ""type"": ""Point""}";39.46772931656263, -0.38861043334080225
San Vicente Martir - Doctor Vilá Barberá;27;T;2;18;20;F;23/01/2024 17:44:30;"{""coordinates"": [-0.3818514137102655, 39.463362299305594], ""type"": ""Point""}";39.463362299305594, -0.3818514137102655
Ribera - Plaza Ayuntamiento;15;T;10;24;34;T;23/01/2024 17:44:30;"{""coordinates"": [-0.3756373880434071, 39.46908831533384], ""type"": ""Point""}";39.46908831533384, -0.3756373880434071
Xátiva - Bailén (Estación del Norte);17;T;21;9;30;T;23/01/2024 17:44:30;"{""coordinates"": [-0.3772593951806123, 39.46746831099193], ""type"": ""Point""}";39.46746831099193, -0.3772593951806123
Juan Llorens - Quart;19;T;2;13;15;F;23/01/2024 17:44:30;"{""coordinates"": [-0.391590438798602, 39.47436934054566], ""type"": ""Point""}";39.47436934054566, -0.391590438798602
Fernando el Católico - Cuenca;24;T;11;7;20;T;23/01/2024 17:44:30;"{""coordinates"": [-0.3840274173384119, 39.469077319212495], ""type"": ""Point""}";39.469077319212495, -0.3840274173384119
Conde Altea - Almirante Cadarso;32;T;16;4;20;T;23/01/2024 17:44:30;"{""coordinates"": [-0.3682473649948816, 39.46600630156446], ""type"": ""Point""}";39.46600630156446, -0.3682473649948816
Regne de Valencia - Almirante Cadarso;35;T;13;1;20;T;23/01/2024 17:44:30;"{""coordinates"": [-0.36699436340059455, 39.46374929341137], ""type"": ""Point""}";39.46374929341137, -0.36699436340059455
Gregorio Gea - Profesor Beltrán Báguena;142;T;3;22;25;F;23/01/2024 17:44:30;"{""coordinates"": [-0.38965942617943544, 39.48192036501599], ""type"": ""Point""}";39.48192036501599, -0.38965942617943544
Giorgeta - Roig de Corella;195;T;0;16;16;F;23/01/2024 17:44:30;"{""coordinates"": [-0.3842814248129742, 39.459384287208486], ""type"": ""Point""}";39.459384287208486, -0.3842814248129742
Tres Cruces - Segunda República Española;249;T;2;13;15;F;23/01/2024 17:44:30;"{""coordinates"": [-0.4027404883331656, 39.459506295875165], ""type"": ""Point""}";39.459506295875165, -0.4027404883331656
Arquitecto Segura del Lago - Camino Nuevo de Picaña;251;T;8;6;15;T;23/01/2024 17:44:30;"{""coordinates"": [-0.4044134972721287, 39.45583028505104], ""type"": ""Point""}";39.45583028505104, -0.4044134972721287
Tres Forques - Turís;256;T;6;9;15;F;23/01/2024 17:44:30;"{""coordinates"": [-0.39223544845537966, 39.46396330656933], ""type"": ""Point""}";39.46396330656933, -0.39223544845537966
Traginers - Pedrapiquers;260;T;17;3;20;F;23/01/2024 17:44:30;"{""coordinates"": [-0.4072175039832668, 39.45955629873093], ""type"": ""Point""}";39.45955629873093, -0.4072175039832668
Tres Cruces - Hospital General;246;T;2;18;20;F;23/01/2024 17:44:30;"{""coordinates"": [-0.4065094941412157, 39.469090330003425], ""type"": ""Point""}";39.469090330003425, -0.4065094941412157
Gaspar Aguilar - Vicente Parra;86;T;3;17;20;T;23/01/2024 17:44:30;"{""coordinates"": [-0.39119345191575566, 39.4552402764855], ""type"": ""Point""}";39.4552402764855, -0.39119345191575566
Blasco Ibañez - Clariano;94;T;5;15;20;F;23/01/2024 17:44:30;"{""coordinates"": [-0.35158330144926053, 39.47537832465668], ""type"": ""Point""}";39.47537832465668, -0.35158330144926053
Blasco Ibañez - Yecla;96;T;9;11;21;T;23/01/2024 17:44:30;"{""coordinates"": [-0.3482142912637639, 39.47355431688417], ""type"": ""Point""}";39.47355431688417, -0.3482142912637639
Justo y Pastor - Duque de Gaeta;98;T;4;11;15;T;23/01/2024 17:44:30;"{""coordinates"": [-0.348442294427372, 39.469680303996114], ""type"": ""Point""}";39.469680303996114, -0.348442294427372
Plaza Músico Espí;234;T;0;15;15;F;23/01/2024 17:44:30;"{""coordinates"": [-0.3736443597891149, 39.49649940567526], ""type"": ""Point""}";39.49649940567526, -0.3736443597891149
Peris y Valero - Luis Santángel;37;T;15;5;20;T;23/01/2024 17:44:30;"{""coordinates"": [-0.3664406250017559, 39.460937800028375], ""type"": ""Point""}";39.460937800028375, -0.3664406250017559
Guillem de Castro (Torres de Quart);82;T;1;13;15;F;23/01/2024 17:44:30;"{""coordinates"": [-0.3839144104057024, 39.47605634238628], ""type"": ""Point""}";39.47605634238628, -0.3839144104057024
Grabador Jordan - Escultor Pastor;91;T;8;7;15;F;23/01/2024 17:44:30;"{""coordinates"": [-0.36757337969703135, 39.44412522887422], ""type"": ""Point""}";39.44412522887422, -0.36757337969703135
Naranjos (Magisterio);95;T;15;18;33;F;23/01/2024 17:44:30;"{""coordinates"": [-0.34611927939668474, 39.47983533734356], ""type"": ""Point""}";39.47983533734356, -0.34611927939668474
Albocácer - Vinaroz;123;T;1;19;20;F;23/01/2024 17:44:30;"{""coordinates"": [-0.36484133609518726, 39.487671371814656], ""type"": ""Point""}";39.487671371814656, -0.36484133609518726
La Vall d'Albaida - Corts Valencianes;241;T;1;14;15;F;23/01/2024 17:44:30;"{""coordinates"": [-0.4018904586642118, 39.49297840711153], ""type"": ""Point""}";39.49297840711153, -0.4018904586642118
Plaza Luis Cano, 5;268;T;8;2;10;T;23/01/2024 17:44:30;"{""coordinates"": [-0.41849350927046264, 39.50144544298018], ""type"": ""Point""}";39.50144544298018, -0.41849350927046264
General Urrutia - Granada;41;T;8;11;20;F;23/01/2024 17:44:30;"{""coordinates"": [-0.36477635908979195, 39.458912276426375], ""type"": ""Point""}";39.458912276426375, -0.36477635908979195
Blasco Ibañez - Pintor José Mongrell;99;T;1;20;21;T;23/01/2024 17:44:30;"{""coordinates"": [-0.3404842660990001, 39.47134430635022], ""type"": ""Point""}";39.47134430635022, -0.3404842660990001
Rubén Darío - Plaza Fray Luis Colomer;103;T;4;11;15;F;23/01/2024 17:44:30;"{""coordinates"": [-0.3523713017453889, 39.47845333567255], ""type"": ""Point""}";39.47845333567255, -0.3523713017453889
Escultor José Capuz - Oriente;43;T;1;19;20;F;23/01/2024 17:44:30;"{""coordinates"": [-0.36115334583643566, 39.459477276259406], ""type"": ""Point""}";39.459477276259406, -0.36115334583643566
Blasco Ibañez - Mestre Ripoll;100;T;19;1;20;F;23/01/2024 17:44:30;"{""coordinates"": [-0.33815025853445674, 39.471634305646866], ""type"": ""Point""}";39.471634305646866, -0.33815025853445674
Ramón Llull - Serpis;102;T;1;19;20;F;23/01/2024 17:44:30;"{""coordinates"": [-0.346720283882565, 39.47583332394092], ""type"": ""Point""}";39.47583332394092, -0.346720283882565
Castán Tobeñas - Patriques;220;T;5;11;16;T;23/01/2024 17:44:30;"{""coordinates"": [-0.3983214623957442, 39.47385534208041], ""type"": ""Point""}";39.47385534208041, -0.3983214623957442
Barcas, 11;40;T;7;19;26;T;23/01/2024 17:44:30;"{""coordinates"": [-0.3748243837183276, 39.470466319701956], ""type"": ""Point""}";39.470466319701956, -0.3748243837183276
Antonio Ferrandis - General Urrutia;48;T;8;12;20;F;23/01/2024 17:44:30;"{""coordinates"": [-0.35855273823228967, 39.450807354184086], ""type"": ""Point""}";39.450807354184086, -0.35855273823228967
Ricardo Muñoz Suay - María José Victoria Fuster (C.C. El Saler);49;T;16;9;25;F;23/01/2024 17:44:30;"{""coordinates"": [-0.3571104198826364, 39.45298693239739], ""type"": ""Point""}";39.45298693239739, -0.3571104198826364
Alameda - Pintor Maella;53;T;25;0;25;F;23/01/2024 17:44:30;"{""coordinates"": [-0.34813930400480075, 39.45676426141678], ""type"": ""Point""}";39.45676426141678, -0.34813930400480075
Pavía - Espadán;165;T;18;2;20;T;23/01/2024 17:44:30;"{""coordinates"": [-0.3245702116150898, 39.471409299035706], ""type"": ""Point""}";39.471409299035706, -0.3245702116150898
Gran Canaria - Ingeniero Manuel Maese;171;T;15;0;15;F;23/01/2024 17:44:30;"{""coordinates"": [-0.32900821806202085, 39.483060339803416], ""type"": ""Point""}";39.483060339803416, -0.32900821806202085
Hospital Nueva Fe (administración);189;T;5;24;30;T;23/01/2024 17:44:30;"{""coordinates"": [-0.37706532415787625, 39.44477922701873], ""type"": ""Point""}";39.44477922701873, -0.37706532415787625
Fontanars dels Aforins - Jacinto Labaila;197;T;1;14;15;F;23/01/2024 17:44:30;"{""coordinates"": [-0.39233345436447337, 39.458184286737165], ""type"": ""Point""}";39.458184286737165, -0.39233345436447337
Gaspar Aguilar - Músico Penella;209;T;10;8;18;T;23/01/2024 17:44:30;"{""coordinates"": [-0.39301546105732643, 39.45208226727133], ""type"": ""Point""}";39.45208226727133, -0.39301546105732643
Pintor Luis Arcas - Inst. Obrero Valenciano;46;T;17;3;20;F;23/01/2024 17:44:30;"{""coordinates"": [-0.35878734087160885, 39.455509261762266], ""type"": ""Point""}";39.455509261762266, -0.35878734087160885
Francia - Pintor Maella;55;T;17;8;25;F;23/01/2024 17:44:30;"{""coordinates"": [-0.34868630411595647, 39.45934326975421], ""type"": ""Point""}";39.45934326975421, -0.34868630411595647
Alameda - Pintor Monleón;57;T;4;16;20;T;23/01/2024 17:44:30;"{""coordinates"": [-0.3582563324315247, 39.46447629179199], ""type"": ""Point""}";39.46447629179199, -0.3582563324315247
Don Vicente Guillot - Progreso;166;T;6;8;15;F;23/01/2024 17:44:30;"{""coordinates"": [-0.32881122495787873, 39.47334930757559], ""type"": ""Point""}";39.47334930757559, -0.32881122495787873
Hospital Nueva Fe (consultas externas);188;T;6;34;40;F;23/01/2024 17:44:30;"{""coordinates"": [-0.3751583239336074, 39.44462122517277], ""type"": ""Point""}";39.44462122517277, -0.3751583239336074
Estación AVE Joaquín Sorolla;194;T;3;37;40;T;23/01/2024 17:44:30;"{""coordinates"": [-0.38097441235847007, 39.461018290993636], ""type"": ""Point""}";39.461018290993636, -0.38097441235847007
Micer Mascó - Rodriguez Fornos;81;T;4;16;20;F;23/01/2024 17:44:30;"{""coordinates"": [-0.36097833354659675, 39.47512832851177], ""type"": ""Point""}";39.47512832851177, -0.36097833354659675
Esparraguera - Cra. Malilla;191;T;14;1;15;F;23/01/2024 17:44:30;"{""coordinates"": [-0.37886641388495107, 39.45032925434954], ""type"": ""Point""}";39.45032925434954, -0.37886641388495107
Baleares - Río Escalona;59;T;13;2;15;T;23/01/2024 17:44:30;"{""coordinates"": [-0.3545493213542055, 39.463088285667624], ""type"": ""Point""}";39.463088285667624, -0.3545493213542055
Vicent Vidal - Pintor Maella;61;T;11;9;20;T;23/01/2024 17:44:30;"{""coordinates"": [-0.34783029886743094, 39.46129327599964], ""type"": ""Point""}";39.46129327599964, -0.34783029886743094
Av. Puerto - Doctor Manuel Candela;65;T;11;8;19;T;23/01/2024 17:44:30;"{""coordinates"": [-0.3508373061951808, 39.465516292011046], ""type"": ""Point""}";39.465516292011046, -0.3508373061951808
San Francisco de Paula - Castell de Pop;274;T;4;11;15;F;23/01/2024 17:44:30;"{""coordinates"": [-0.3331882593063431, 39.44807022576504], ""type"": ""Point""}";39.44807022576504, -0.3331882593063431
Ramiro de Maeztu - Peris Brell;72;T;11;4;15;F;23/01/2024 17:44:30;"{""coordinates"": [-0.34644628196214244, 39.467257201162404], ""type"": ""Point""}";39.467257201162404, -0.34644628196214244
Campoamor - Músico Ginés;76;T;11;8;19;T;23/01/2024 17:44:30;"{""coordinates"": [-0.343461277578989, 39.47008330347364], ""type"": ""Point""}";39.47008330347364, -0.343461277578989
Poeta Serrano Clavero - General Llorens;230;T;11;4;15;F;23/01/2024 17:44:30;"{""coordinates"": [-0.38678440634001116, 39.49475040560395], ""type"": ""Point""}";39.49475040560395, -0.38678440634001116
Moreras - Rona de Nazaret;275;T;19;1;20;F;23/01/2024 17:44:30;"{""coordinates"": [-0.3350652633218127, 39.45230524022502], ""type"": ""Point""}";39.45230524022502, -0.3350652633218127
Marqués de San Juan - Diputat Lluís Lucía;144;T;15;0;15;F;23/01/2024 17:44:30;"{""coordinates"": [-0.39548044804080085, 39.4787793569025], ""type"": ""Point""}";39.4787793569025, -0.39548044804080085
Doctor Nicasio Benlloch - L'Horta Sud;228;T;3;11;15;T;23/01/2024 17:44:30;"{""coordinates"": [-0.398671446907537, 39.4936924079167], ""type"": ""Point""}";39.4936924079167, -0.398671446907537
Pie de la Cruz - Rejas;147;T;4;10;15;F;23/01/2024 17:44:30;"{""coordinates"": [-0.3802074001545322, 39.47320133107913], ""type"": ""Point""}";39.47320133107913, -0.3802074001545322
Alfahuir - Duque de Mandas;127;T;6;14;20;F;23/01/2024 17:44:30;"{""coordinates"": [-0.3644463333304693, 39.49059138177909], ""type"": ""Point""}";39.49059138177909, -0.3644463333304693
Almazora - Benimuslem;129;T;13;7;20;T;23/01/2024 17:44:30;"{""coordinates"": [-0.3699453557741905, 39.485975369089516], ""type"": ""Point""}";39.485975369089516, -0.3699453557741905
CALLE SANTA AMALIA  2, esquina POETA BODRIA;131;T;0;20;20;T;23/01/2024 17:44:30;"{""coordinates"": [-0.3729122732215235, 39.48141722170027], ""type"": ""Point""}";39.48141722170027, -0.3729122732215235
Alfahuir - Peñiscola;128;T;3;22;25;T;23/01/2024 17:44:30;"{""coordinates"": [-0.367544345093534, 39.48876637693274], ""type"": ""Point""}";39.48876637693274, -0.367544345093534
Pío XII - Campanar;172;T;2;18;20;T;23/01/2024 17:44:30;"{""coordinates"": [-0.3933454386575609, 39.48146236504626], ""type"": ""Point""}";39.48146236504626, -0.3933454386575609
Monduber - Peset Aleixandre;174;T;5;14;19;T;23/01/2024 17:44:30;"{""coordinates"": [-0.38664740957644866, 39.489438388167024], ""type"": ""Point""}";39.489438388167024, -0.38664740957644866
Constitución - Reus;135;T;10;10;20;T;23/01/2024 17:44:30;"{""coordinates"": [-0.37850138478156414, 39.48570237196362], ""type"": ""Point""}";39.48570237196362, -0.37850138478156414
Economista Gay - Luis Crumiere;137;T;3;17;20;T;23/01/2024 17:44:30;"{""coordinates"": [-0.3798963873712934, 39.48903338344832], ""type"": ""Point""}";39.48903338344832, -0.3798963873712934
Cno. Moncada - Pedro Patricio Mey;176;T;0;20;20;F;23/01/2024 17:44:30;"{""coordinates"": [-0.378853381402734, 39.49201739310727], ""type"": ""Point""}";39.49201739310727, -0.378853381402734
Ausias March - Pianista Amparo Iturbi;182;T;4;17;21;F;23/01/2024 17:44:30;"{""coordinates"": [-0.37496539716978367, 39.455432269344854], ""type"": ""Point""}";39.455432269344854, -0.37496539716978367
Salvador Giner - C. Museo;2;T;6;9;15;F;23/01/2024 17:44:30;"{""coordinates"": [-0.3797483936090024, 39.479889353348874], ""type"": ""Point""}";39.479889353348874, -0.3797483936090024
Plaza de la Virgen - Bailía;4;T;2;23;25;T;23/01/2024 17:44:30;"{""coordinates"": [-0.37534238089458904, 39.476747340831494], ""type"": ""Point""}";39.476747340831494, -0.37534238089458904
Alfambra - Poeta Monmeneu;133;T;7;8;15;F;23/01/2024 17:44:30;"{""coordinates"": [-0.37588237827023757, 39.48275636079257], ""type"": ""Point""}";39.48275636079257, -0.37588237827023757
Guillem de Castro - San Pedro Pascual;6;T;0;15;15;T;23/01/2024 17:44:30;"{""coordinates"": [-0.38408341393871137, 39.472798331478145], ""type"": ""Point""}";39.472798331478145, -0.38408341393871137
Hospital - Horno del Hospital;10;T;3;12;15;T;23/01/2024 17:44:30;"{""coordinates"": [-0.38261041097634013, 39.470816323984536], ""type"": ""Point""}";39.470816323984536, -0.38261041097634013
Reina Doña María - Cádiz;152;T;13;2;15;T;23/01/2024 17:44:30;"{""coordinates"": [-0.3727053849231208, 39.460925286769694], ""type"": ""Point""}";39.460925286769694, -0.3727053849231208
Pescadores - Progreso;154;T;9;6;15;F;23/01/2024 17:44:30;"{""coordinates"": [-0.3295542305651281, 39.469876296228996], ""type"": ""Point""}";39.469876296228996, -0.3295542305651281
Plaza del Mercado - Taula de Canvis;7;T;0;19;19;T;23/01/2024 17:44:30;"{""coordinates"": [-0.3791853952972924, 39.47487233593648], ""type"": ""Point""}";39.47487233593648, -0.3791853952972924
Plaza de Tetuán;9;T;21;4;25;T;23/01/2024 17:44:30;"{""coordinates"": [-0.3699303648826442, 39.47435533016869], ""type"": ""Point""}";39.47435533016869, -0.3699303648826442
Zapadores, 23;181;T;6;9;15;T;23/01/2024 17:44:30;"{""coordinates"": [-0.3681913713233589, 39.45799927509706], ""type"": ""Point""}";39.45799927509706, -0.3681913713233589
Ángel Villena - Ausias March;187;T;9;6;15;T;23/01/2024 17:44:30;"{""coordinates"": [-0.3688183809361798, 39.447960241518516], ""type"": ""Point""}";39.447960241518516, -0.3688183809361798
Castán Tobeñas - Rincon de Ademuz;219;T;0;18;18;F;23/01/2024 17:44:30;"{""coordinates"": [-0.40303029799024204, 39.47265724610551], ""type"": ""Point""}";39.47265724610551, -0.40303029799024204
La Safor - Maestro Rodrigo;242;T;0;15;15;F;23/01/2024 17:44:30;"{""coordinates"": [-0.4041974712326189, 39.487907391410516], ""type"": ""Point""}";39.487907391410516, -0.4041974712326189
Av. del Cid - Burgos;216;T;1;16;17;F;23/01/2024 17:44:30;"{""coordinates"": [-0.3994613007254756, 39.469162243634074], ""type"": ""Point""}";39.469162243634074, -0.3994613007254756
Alcañiz - Cambrils;231;T;0;15;15;T;23/01/2024 17:44:30;"{""coordinates"": [-0.3786213772644184, 39.49507240298451], ""type"": ""Point""}";39.49507240298451, -0.3786213772644184
Conde Torrefiel - Cecilio Plá;235;T;0;15;15;T;23/01/2024 17:44:30;"{""coordinates"": [-0.3772033703255944, 39.49804541205544], ""type"": ""Point""}";39.49804541205544, -0.3772033703255944
San Clemente - Hospital Arnau de Vilanova;227;T;11;8;20;T;23/01/2024 17:44:30;"{""coordinates"": [-0.40293146422681364, 39.49024839844318], ""type"": ""Point""}";39.49024839844318, -0.40293146422681364
Aitana - Florista;229;T;3;13;16;F;23/01/2024 17:44:30;"{""coordinates"": [-0.39480643424749534, 39.493104403991694], ""type"": ""Point""}";39.493104403991694, -0.39480643424749534
Beniferri - Vicent Tomás Martí;267;T;2;14;16;F;23/01/2024 17:44:30;"{""coordinates"": [-0.4059294716064297, 39.49416841275147], ""type"": ""Point""}";39.49416841275147, -0.4059294716064297
Plaza Ayuntamiento - Cotanda;11;T;1;26;27;T;23/01/2024 17:44:30;"{""coordinates"": [-0.3767843903416451, 39.47118632283677], ""type"": ""Point""}";39.47118632283677, -0.3767843903416451
Alfonso el Magnánimo - Nave;13;T;9;15;24;T;23/01/2024 17:44:30;"{""coordinates"": [-0.37087436964085335, 39.4720623227334], ""type"": ""Point""}";39.4720623227334, -0.37087436964085335
Calle Salvá - Calle Poeta Querol;12;T;2;18;20;T;23/01/2024 17:44:30;"{""coordinates"": [-0.3740102862977963, 39.47196722343732], ""type"": ""Point""}";39.47196722343732, -0.3740102862977963
Colón, 60;16;T;14;4;20;T;23/01/2024 17:44:30;"{""coordinates"": [-0.3704333693720587, 39.470092316192336], ""type"": ""Point""}";39.470092316192336, -0.3704333693720587
Quart - Fernando el Católico;20;T;7;9;16;T;23/01/2024 17:44:30;"{""coordinates"": [-0.3878474253260651, 39.47503434099054], ""type"": ""Point""}";39.47503434099054, -0.3878474253260651
Angel Guimerá - Juan Llorens;22;T;4;11;15;F;23/01/2024 17:44:30;"{""coordinates"": [-0.3883534313205414, 39.46978732404922], ""type"": ""Point""}";39.46978732404922, -0.3883534313205414
San José de Calasanz - Salas Quiroga;26;T;2;13;15;F;23/01/2024 17:44:30;"{""coordinates"": [-0.3860524260304749, 39.46619531059966], ""type"": ""Point""}";39.46619531059966, -0.3860524260304749
Germanías - Ruzafa;33;T;16;4;20;T;23/01/2024 17:44:30;"{""coordinates"": [-0.37399038562310283, 39.46481830023885], ""type"": ""Point""}";39.46481830023885, -0.37399038562310283
Blasco Ibañez - Doctor Gómez Ferrer (Clínico);87;T;3;29;33;T;23/01/2024 17:44:30;"{""coordinates"": [-0.36188033357859983, 39.47851834019109], ""type"": ""Point""}";39.47851834019109, -0.36188033357859983
Blasco Ibañez, 23 (F. Filosofía y Psicología);89;T;5;25;30;F;23/01/2024 17:44:30;"{""coordinates"": [-0.3593183259089267, 39.47780233689744], ""type"": ""Point""}";39.47780233689744, -0.3593183259089267
Blasco Ibañez, 32 (F. Filología);90;T;4;36;40;F;23/01/2024 17:44:30;"{""coordinates"": [-0.3589673254467337, 39.47673433298103], ""type"": ""Point""}";39.47673433298103, -0.3589673254467337
Blasco Ibañez - Aragón;92;T;0;20;20;T;23/01/2024 17:44:30;"{""coordinates"": [-0.35596831583559707, 39.47586032883543], ""type"": ""Point""}";39.47586032883543, -0.35596831583559707
Gregorio Gea - Padre Ferris;141;T;7;13;20;T;23/01/2024 17:44:30;"{""coordinates"": [-0.3851564091174212, 39.483268367245344], ""type"": ""Point""}";39.483268367245344, -0.3851564091174212
Tres Cruces - Músico Ayllón;247;T;2;13;15;T;23/01/2024 17:44:30;"{""coordinates"": [-0.4055734914728698, 39.467410323935766], ""type"": ""Point""}";39.467410323935766, -0.4055734914728698
Tres Cruces - Jose Maria Mortes Lerma;248;T;1;18;20;F;23/01/2024 17:44:30;"{""coordinates"": [-0.40496949382893443, 39.46284030885798], ""type"": ""Point""}";39.46284030885798, -0.40496949382893443
Tres Cruces - Pio XI;250;T;1;14;15;F;23/01/2024 17:44:30;"{""coordinates"": [-0.4008070181198941, 39.456352245577065], ""type"": ""Point""}";39.456352245577065, -0.4008070181198941
Francisco Cubells - San José de la Vega;159;T;10;5;17;F;23/01/2024 17:44:30;"{""coordinates"": [-0.3347222532485526, 39.463449276866356], ""type"": ""Point""}";39.463449276866356, -0.3347222532485526
Mediterráneo - Plaza Cruz de Cañamelar;161;T;12;3;15;T;23/01/2024 17:44:30;"{""coordinates"": [-0.3317262387298495, 39.46796929073871], ""type"": ""Point""}";39.46796929073871, -0.3317262387298495
Cirilo Amorós - Jorge Juan (Mercado Colón);30;T;16;2;20;F;23/01/2024 17:44:30;"{""coordinates"": [-0.36849936365579583, 39.468601309884924], ""type"": ""Point""}";39.468601309884924, -0.36849936365579583
General Elio - Llano del Real;83;T;8;17;25;T;23/01/2024 17:44:30;"{""coordinates"": [-0.3669703519914759, 39.47758533929587], ""type"": ""Point""}";39.47758533929587, -0.3669703519914759
Blasco Ibañez - Poeta Durán Tortajada;93;T;19;19;38;T;23/01/2024 17:44:30;"{""coordinates"": [-0.34380927742382206, 39.472282310670764], ""type"": ""Point""}";39.472282310670764, -0.34380927742382206
Luís Peixó 20;108;T;8;7;15;T;23/01/2024 17:44:30;"{""coordinates"": [-0.3339152679031098, 39.47382619077011], ""type"": ""Point""}";39.47382619077011, -0.3339152679031098
San Vicente Paul - Santiago Rusiñol;232;T;3;12;15;T;23/01/2024 17:44:30;"{""coordinates"": [-0.36575333473149996, 39.49464439592328], ""type"": ""Point""}";39.49464439592328, -0.36575333473149996
Ninot - Regino Mas;270;T;7;9;16;T;23/01/2024 17:44:30;"{""coordinates"": [-0.39288942312141745, 39.50007542649037], ""type"": ""Point""}";39.50007542649037, -0.39288942312141745
Veles e Vents;276;T;18;1;20;T;23/01/2024 17:44:30;"{""coordinates"": [-0.32376521655842594, 39.46197526682713], ""type"": ""Point""}";39.46197526682713, -0.32376521655842594
Aularios Universidad de Valencia;105;T;21;9;30;F;23/01/2024 17:44:30;"{""coordinates"": [-0.3443952655704271, 39.47835119969391], ""type"": ""Point""}";39.47835119969391, -0.3443952655704271
Perez Galdós - Nou Moles;201;T;4;16;20;F;23/01/2024 17:44:30;"{""coordinates"": [-0.39366844724894096, 39.47171233289752], ""type"": ""Point""}";39.47171233289752, -0.39366844724894096
Reina Violante - Escultor García Mas;203;T;6;9;15;F;23/01/2024 17:44:30;"{""coordinates"": [-0.40118246297404103, 39.48460937883364], ""type"": ""Point""}";39.48460937883364, -0.40118246297404103
Florista - T4 (Palau de Congressos);239;T;0;20;20;T;23/01/2024 17:44:30;"{""coordinates"": [-0.39996444953107335, 39.4969854198013], ""type"": ""Point""}";39.4969854198013, -0.39996444953107335
Albalat dels Tarongers - Paseo Facultades;104;T;16;2;20;T;23/01/2024 17:44:30;"{""coordinates"": [-0.3472752845405608, 39.478386332978474], ""type"": ""Point""}";39.478386332978474, -0.3472752845405608
Llano de la Zaidía - Doctor Olóriz;153;T;12;12;24;T;23/01/2024 17:44:30;"{""coordinates"": [-0.3805912745331588, 39.48305822805289], ""type"": ""Point""}";39.48305822805289, -0.3805912745331588
Salamanca - Reina Doña Germana;155;T;19;1;20;F;23/01/2024 17:44:30;"{""coordinates"": [-0.3630783484267159, 39.46495329574819], ""type"": ""Point""}";39.46495329574819, -0.3630783484267159
Corts Valencianes - La Safor;226;T;0;30;30;F;23/01/2024 17:44:30;"{""coordinates"": [-0.3988594505654264, 39.49086439918327], ""type"": ""Point""}";39.49086439918327, -0.3988594505654264
Av. de la Plata (Museo Fallero);42;T;1;19;20;T;23/01/2024 17:44:30;"{""coordinates"": [-0.3586583378805894, 39.45878127329601], ""type"": ""Point""}";39.45878127329601, -0.3586583378805894
General Urrutia - Av. de la Plata;44;T;0;19;19;T;23/01/2024 17:44:30;"{""coordinates"": [-0.36301435452576164, 39.45642926768604], ""type"": ""Point""}";39.45642926768604, -0.36301435452576164
Francia - Menorca;56;T;9;6;15;F;23/01/2024 17:44:30;"{""coordinates"": [-0.3444052893928658, 39.45842126509135], ""type"": ""Point""}";39.45842126509135, -0.3444052893928658
Plaza España;58;T;14;6;20;T;23/01/2024 17:44:30;"{""coordinates"": [-0.3815864106638383, 39.46621830848607], ""type"": ""Point""}";39.46621830848607, -0.3815864106638383
Beato Nicolás Factor - Convento de Jesús;199;T;2;13;15;F;23/01/2024 17:44:30;"{""coordinates"": [-0.39155844823975844, 39.46158829801141], ""type"": ""Point""}";39.46158829801141, -0.39155844823975844
Moraira - Alta del Mar;273;T;15;0;15;T;23/01/2024 17:44:30;"{""coordinates"": [-0.3332722584595297, 39.450305232524904], ""type"": ""Point""}";39.450305232524904, -0.3332722584595297
Moreras (Oceanográfico);51;T;9;11;20;T;23/01/2024 17:44:30;"{""coordinates"": [-0.3472273049060467, 39.45218324552497], ""type"": ""Point""}";39.45218324552497, -0.3472273049060467
Pío XII - Monestir de Poblet;173;T;4;16;20;F;23/01/2024 17:44:30;"{""coordinates"": [-0.394678441209281, 39.484541375368174], ""type"": ""Point""}";39.484541375368174, -0.394678441209281
Juan XXIII - Domingo Gómez;175;T;7;8;15;T;23/01/2024 17:44:30;"{""coordinates"": [-0.38271239433339566, 39.49258939642365], ""type"": ""Point""}";39.49258939642365, -0.38271239433339566
Alcudia de Crespins - Pedro Patricio Mey;177;T;5;10;15;T;23/01/2024 17:44:30;"{""coordinates"": [-0.3734883620528129, 39.493545396079504], ""type"": ""Point""}";39.493545396079504, -0.3734883620528129
Av. de la Plata - Zapadores;179;T;0;23;23;F;23/01/2024 17:44:30;"{""coordinates"": [-0.36642636792637634, 39.45547226612543], ""type"": ""Point""}";39.45547226612543, -0.36642636792637634
Vicente la Roda - Ingeniero Fausto Elio;272;T;13;1;15;F;23/01/2024 17:44:30;"{""coordinates"": [-0.33219023115385166, 39.48062333339468], ""type"": ""Point""}";39.48062333339468, -0.33219023115385166
Malvarrosa - Río Tajo;168;T;9;6;15;F;23/01/2024 17:44:30;"{""coordinates"": [-0.32788721869941045, 39.47687131828106], ""type"": ""Point""}";39.47687131828106, -0.32788721869941045
Cra. Malilla - Bulevar Sur;190;T;13;5;18;T;23/01/2024 17:44:30;"{""coordinates"": [-0.38029642271654757, 39.44608224133691], ""type"": ""Point""}";39.44608224133691, -0.38029642271654757
Molinell - Calderón de la Barca;77;T;1;19;20;T;23/01/2024 17:44:30;"{""coordinates"": [-0.36566734195835493, 39.48497336307338], ""type"": ""Point""}";39.48497336307338, -0.36566734195835493
Menorca - Baleares;62;T;12;8;20;T;23/01/2024 17:44:30;"{""coordinates"": [-0.3421522812931475, 39.45981126842254], ""type"": ""Point""}";39.45981126842254, -0.3421522812931475
Guillem de Anglesola - Av. Puerto;66;T;0;25;25;F;23/01/2024 17:44:30;"{""coordinates"": [-0.3462612916525901, 39.46427128532339], ""type"": ""Point""}";39.46427128532339, -0.3462612916525901
Aragón - Vicente Sancho Tello;78;T;2;18;20;T;23/01/2024 17:44:30;"{""coordinates"": [-0.358688329939162, 39.46994531050937], ""type"": ""Point""}";39.46994531050937, -0.358688329939162
Amadeo de Saboya (frente Ayuntamiento);80;T;5;20;25;F;23/01/2024 17:44:30;"{""coordinates"": [-0.36229833944736023, 39.47374232444908], ""type"": ""Point""}";39.47374232444908, -0.36229833944736023
Blasco Ibañez - Jaime Roig;85;T;12;11;23;F;23/01/2024 17:44:30;"{""coordinates"": [-0.3647153422684407, 39.479464345022826], ""type"": ""Point""}";39.479464345022826, -0.3647153422684407
Manuel Broseta i Pont - Naranjos;112;T;33;7;40;T;23/01/2024 17:44:30;"{""coordinates"": [-0.34227526701990957, 39.47858033137406], ""type"": ""Point""}";39.47858033137406, -0.34227526701990957
UPV Informática;114;T;20;10;30;F;23/01/2024 17:44:30;"{""coordinates"": [-0.346591279156021, 39.4818043438759], ""type"": ""Point""}";39.4818043438759, -0.346591279156021
Gómez Ferrer - Álvaro de Bazán;118;T;10;10;20;F;23/01/2024 17:44:30;"{""coordinates"": [-0.3604163266878076, 39.480466345728246], ""type"": ""Point""}";39.480466345728246, -0.3604163266878076
Cataluña - Doctor Vicente Zaragozá;115;T;16;0;16;F;23/01/2024 17:44:30;"{""coordinates"": [-0.3521482985209469, 39.481562345598135], ""type"": ""Point""}";39.481562345598135, -0.3521482985209469
Doctor Vicente Zaragozá - Emilio Baró;120;T;16;1;18;T;23/01/2024 17:44:30;"{""coordinates"": [-0.36204632906281087, 39.484880361257815], ""type"": ""Point""}";39.484880361257815, -0.36204632906281087
Pio XII - Menéndez PIdal (Nuevo Centro);143;T;4;26;30;T;23/01/2024 17:44:30;"{""coordinates"": [-0.39093643241708165, 39.4795373575288], ""type"": ""Point""}";39.4795373575288, -0.39093643241708165
Peris y Valero - Salamanca;149;T;19;1;20;F;23/01/2024 17:44:30;"{""coordinates"": [-0.36179534600499663, 39.462934287947085], ""type"": ""Point""}";39.462934287947085, -0.36179534600499663
José María de Haro - Justo y Pastor;160;T;16;4;20;F;23/01/2024 17:44:30;"{""coordinates"": [-0.33898126470999496, 39.467336291769534], ""type"": ""Point""}";39.467336291769534, -0.33898126470999496
Armada Española - Mariano Cuber;162;T;12;6;19;F;23/01/2024 17:44:30;"{""coordinates"": [-0.3297952360224295, 39.46360427573933], ""type"": ""Point""}";39.46360427573933, -0.3297952360224295
Pavía - Columbretes;164;T;10;7;17;F;23/01/2024 17:44:30;"{""coordinates"": [-0.3246342149862025, 39.46846028903177], ""type"": ""Point""}";39.46846028903177, -0.3246342149862025
Convento Carmelitas - Alboraya;130;T;8;7;15;F;23/01/2024 17:44:30;"{""coordinates"": [-0.370210358642677, 39.483238360081586], ""type"": ""Point""}";39.483238360081586, -0.370210358642677
San Pancracio - Periodista Llorente;138;T;6;14;20;F;23/01/2024 17:44:30;"{""coordinates"": [-0.38422240207482833, 39.48819038284581], ""type"": ""Point""}";39.48819038284581, -0.38422240207482833
Campanar - Nicasio Benlloch;140;T;6;14;20;F;23/01/2024 17:44:30;"{""coordinates"": [-0.3896004206542252, 39.48800438494039], ""type"": ""Point""}";39.48800438494039, -0.3896004206542252
Isabel de Villena - Mendizábal;170;T;19;1;20;F;23/01/2024 17:44:30;"{""coordinates"": [-0.32533420529241996, 39.482973337910934], ""type"": ""Point""}";39.482973337910934, -0.32533420529241996
Bombero Ramón Duart - Hermanos Maristas;184;T;11;4;15;F;23/01/2024 17:44:30;"{""coordinates"": [-0.36557036636455215, 39.45278225629358], ""type"": ""Point""}";39.45278225629358, -0.36557036636455215
Puerto Rico - Cuba;156;T;14;1;15;F;23/01/2024 17:44:30;"{""coordinates"": [-0.3763453968184098, 39.46096428829767], ""type"": ""Point""}";39.46096428829767, -0.3763453968184098
Av. del Cid - Julián Peña;200;T;2;13;15;F;23/01/2024 17:44:30;"{""coordinates"": [-0.3932144497376184, 39.467737319045916], ""type"": ""Point""}";39.467737319045916, -0.3932144497376184
Ausias March - Av. de la Plata;183;T;10;8;18;T;23/01/2024 17:44:30;"{""coordinates"": [-0.3722843899417025, 39.45262025913349], ""type"": ""Point""}";39.45262025913349, -0.3722843899417025
Ebanista Caselles - Ausias March;185;T;3;12;15;F;23/01/2024 17:44:30;"{""coordinates"": [-0.3705033850186671, 39.45004424948915], ""type"": ""Point""}";39.45004424948915, -0.3705033850186671
Pintor Stolz - Nueve de Octubre;217;T;0;25;25;T;23/01/2024 17:44:30;"{""coordinates"": [-0.40459648652865626, 39.47032833321364], ""type"": ""Point""}";39.47032833321364, -0.40459648652865626
Camp del Turia - Corts Valencianes;240;T;0;20;20;F;23/01/2024 17:44:30;"{""coordinates"": [-0.40154745608135123, 39.495004413973305], ""type"": ""Point""}";39.495004413973305, -0.40154745608135123
Campos Crespo - Juan de Garay;210;T;5;10;15;T;23/01/2024 17:44:30;"{""coordinates"": [-0.39671647037206986, 39.45555328036534], ""type"": ""Point""}";39.45555328036534, -0.39671647037206986
Fray Juanípero Serra - Torrente;212;T;12;3;15;T;23/01/2024 17:44:30;"{""coordinates"": [-0.40039647823746194, 39.46148430130945], ""type"": ""Point""}";39.46148430130945, -0.40039647823746194
Santa Cruz de Tenerife, 21;214;T;5;10;15;T;23/01/2024 17:44:30;"{""coordinates"": [-0.4005764763988502, 39.464932313028335], ""type"": ""Point""}";39.464932313028335, -0.4005764763988502
Levante U.D. - Ecuador;237;T;7;8;15;T;23/01/2024 17:44:30;"{""coordinates"": [-0.39103842063587124, 39.494758407776374], ""type"": ""Point""}";39.494758407776374, -0.39103842063587124
Pio IX - Músico Cabanilles;259;T;10;10;20;T;23/01/2024 17:44:30;"{""coordinates"": [-0.3930154660803912, 39.44546024514969], ""type"": ""Point""}";39.44546024514969, -0.3930154660803912
Cra. Malilla - Oltá;192;T;11;9;20;T;23/01/2024 17:44:30;"{""coordinates"": [-0.3787144113919625, 39.45263726161547], ""type"": ""Point""}";39.45263726161547, -0.3787144113919625
Padre Esteban Pernet - Casa Misericordia;263;T;11;7;18;F;23/01/2024 17:44:30;"{""coordinates"": [-0.4096445056541294, 39.467043324648515], ""type"": ""Point""}";39.467043324648515, -0.4096445056541294
Alcasser - Poeta Alberto Lista;265;T;1;14;15;F;23/01/2024 17:44:30;"{""coordinates"": [-0.40811749816977394, 39.470973337167365], ""type"": ""Point""}";39.470973337167365, -0.40811749816977394
Plaza América - Cirilo Amorós - Sorní;29;T;12;8;20;T;23/01/2024 17:44:30;"{""coordinates"": [-0.3652993525279599, 39.47011231364647], ""type"": ""Point""}";39.47011231364647, -0.3652993525279599
Huesca - Barón de Cárcer;14;T;14;6;20;T;23/01/2024 17:44:30;"{""coordinates"": [-0.37972440222295445, 39.46896731649349], ""type"": ""Point""}";39.46896731649349, -0.37972440222295445
Colón 20-22;18;T;8;15;24;T;23/01/2024 17:44:30;"{""coordinates"": [-0.37312937987373457, 39.468191311513856], ""type"": ""Point""}";39.468191311513856, -0.37312937987373457
Navarro Reverter - Grabador Esteve;28;T;20;9;29;F;23/01/2024 17:44:30;"{""coordinates"": [-0.36775135880068294, 39.47158231958138], ""type"": ""Point""}";39.47158231958138, -0.36775135880068294
Regne de Valencia - Doctor Sumsi;34;T;17;0;17;F;23/01/2024 17:44:30;"{""coordinates"": [-0.36996137299092113, 39.46412229654908], ""type"": ""Point""}";39.46412229654908, -0.36996137299092113
Fontanars dels Aforins - Vall d'Uixó;198;T;1;19;20;T;23/01/2024 17:44:30;"{""coordinates"": [-0.395316462028443, 39.46088029740053], ""type"": ""Point""}";39.46088029740053, -0.395316462028443
Tomas de Villarroya - San Vicente;255;T;5;13;18;F;23/01/2024 17:44:30;"{""coordinates"": [-0.38602944085901075, 39.447703249066144], ""type"": ""Point""}";39.447703249066144, -0.38602944085901075
Plaza Salvador Soria, 8;257;T;8;12;20;F;23/01/2024 17:44:30;"{""coordinates"": [-0.38910445245389036, 39.44525124234686], ""type"": ""Point""}";39.44525124234686, -0.38910445245389036
Campamento, 81;269;T;4;11;15;F;23/01/2024 17:44:30;"{""coordinates"": [-0.42626353678444817, 39.49990744160243], ""type"": ""Point""}";39.49990744160243, -0.42626353678444817
Albacete - Maluquer;243;T;0;18;18;T;23/01/2024 17:44:30;"{""coordinates"": [-0.3845424236611566, 39.46282029901061], ""type"": ""Point""}";39.46282029901061, -0.3845424236611566
Nueve de Octubre - Cieza;245;T;10;10;20;F;23/01/2024 17:44:30;"{""coordinates"": [-0.40527029936434095, 39.47213024806011], ""type"": ""Point""}";39.47213024806011, -0.40527029936434095
José Meliá Castelló - Campos Crespo;253;T;1;14;15;F;23/01/2024 17:44:30;"{""coordinates"": [-0.4011014879360589, 39.45272627278094], ""type"": ""Point""}";39.45272627278094, -0.4011014879360589
Doctor Tomás Sala - Carteros;254;T;5;14;19;T;23/01/2024 17:44:30;"{""coordinates"": [-0.3899174536874086, 39.447714251158565], ""type"": ""Point""}";39.447714251158565, -0.3899174536874086
Pintor Rafael Solves - Jose Soto Mico;258;T;1;14;15;T;23/01/2024 17:44:30;"{""coordinates"": [-0.3891374575312111, 39.43982822413676], ""type"": ""Point""}";39.43982822413676, -0.3891374575312111
Tres Forques - Colonia Española de Mexico;262;T;13;5;20;T;23/01/2024 17:44:30;"{""coordinates"": [-0.40922550688289966, 39.463472312903384], ""type"": ""Point""}";39.463472312903384, -0.40922550688289966
Av. del Cid - Marconi;264;T;7;13;20;T;23/01/2024 17:44:30;"{""coordinates"": [-0.4144325204450301, 39.46916033373618], ""type"": ""Point""}";39.46916033373618, -0.4144325204450301
Dels Gremis - Campos Crespo;252;T;3;17;20;T;23/01/2024 17:44:30;"{""coordinates"": [-0.40357449843597065, 39.45028826570709], ""type"": ""Point""}";39.45028826570709, -0.40357449843597065
